{
  "project_info": {
    "project_number": "1044374209959",
    "firebase_url": "https://coursat-4ffa1.firebaseio.com",
    "project_id": "coursat-4ffa1",
    "storage_bucket": "coursat-4ffa1.appspot.com"
  },
  "client": [
    {
      "client_info": {
        "mobilesdk_app_id": "1:1044374209959:android:a09b02554be9c9fb0b2282",
        "android_client_info": {
          "package_name": "com.reload.coursat"
        }
      },
      "oauth_client": [
        {
          "client_id": "1044374209959-npt75v0ur5ce17biq8l2ag5llubj96jl.apps.googleusercontent.com",
          "client_type": 1,
          "android_info": {
            "package_name": "com.reload.coursat",
            "certificate_hash": "bcfa9e80b62a9d2a37729d86a99d623b72a7039d"
          }
        },
        {
          "client_id": "1044374209959-mmm4ek6m0r81njmsn59lj1pdnc8p3o6t.apps.googleusercontent.com",
          "client_type": 3
        }
      ],
      "api_key": [
        {
          "current_key": "AIzaSyBZaoGG7W4r6_pLtdnMSl_lmvw0uDVY2EM"
        }
      ],
      "services": {
        "appinvite_service": {
          "other_platform_oauth_client": [
            {
              "client_id": "1044374209959-mmm4ek6m0r81njmsn59lj1pdnc8p3o6t.apps.googleusercontent.com",
              "client_type": 3
            }
          ]
        }
      }
    }
  ],
  "configuration_version": "1"
}